Dataset,n,Neighbour,Temperature,T0,Alpha,Best Energy,Iterations
uniform_points,10,consecutive_neighbour,linear_temperature,10,0.99,436.64614810400553,1023
uniform_points,10,consecutive_neighbour,linear_temperature,10,0.9,433.4601237231129,1019
uniform_points,10,consecutive_neighbour,linear_temperature,10,0.8,345.5924632664112,1055
uniform_points,10,consecutive_neighbour,linear_temperature,10,0.5,436.6461481040053,1061
uniform_points,10,consecutive_neighbour,linear_temperature,10,0.3,467.20678489444776,1033
uniform_points,10,consecutive_neighbour,linear_temperature,100,0.99,387.5125303827821,1104
uniform_points,10,consecutive_neighbour,linear_temperature,100,0.9,387.83811094927154,1118
uniform_points,10,consecutive_neighbour,linear_temperature,100,0.8,436.6461481040054,1138
uniform_points,10,consecutive_neighbour,linear_temperature,100,0.5,424.1994965340558,1213
uniform_points,10,consecutive_neighbour,linear_temperature,100,0.3,387.5125303827831,1400
uniform_points,10,consecutive_neighbour,linear_temperature,1000,0.99,383.1253820330322,1990
uniform_points,10,consecutive_neighbour,linear_temperature,1000,0.9,385.4471174633801,2112
uniform_points,10,consecutive_neighbour,linear_temperature,1000,0.8,345.5924632664152,2254
uniform_points,10,consecutive_neighbour,linear_temperature,1000,0.5,345.5924632664154,3040
uniform_points,10,consecutive_neighbour,linear_temperature,1000,0.3,345.5924632664138,4347
uniform_points,10,consecutive_neighbour,logarytmic_temperature,10,0.99,436.64614810400514,100000
uniform_points,10,consecutive_neighbour,logarytmic_temperature,10,0.9,436.6461481040057,100000
uniform_points,10,consecutive_neighbour,logarytmic_temperature,10,0.8,424.1994965340558,28824
uniform_points,10,consecutive_neighbour,logarytmic_temperature,10,0.5,482.72586836678676,100000
uniform_points,10,consecutive_neighbour,logarytmic_temperature,10,0.3,497.1817062823177,100000
uniform_points,10,consecutive_neighbour,logarytmic_temperature,100,0.99,345.5924632663859,100000
uniform_points,10,consecutive_neighbour,logarytmic_temperature,100,0.9,345.59246326641085,100000
uniform_points,10,consecutive_neighbour,logarytmic_temperature,100,0.8,345.5924632663858,100000
uniform_points,10,consecutive_neighbour,logarytmic_temperature,100,0.5,345.5924632663826,100000
uniform_points,10,consecutive_neighbour,logarytmic_temperature,100,0.3,345.59246326638817,100000
uniform_points,10,consecutive_neighbour,logarytmic_temperature,1000,0.99,345.59246326641517,100000
uniform_points,10,consecutive_neighbour,logarytmic_temperature,1000,0.9,345.5924632664595,100000
uniform_points,10,consecutive_neighbour,logarytmic_temperature,1000,0.8,345.59246326641676,100000
uniform_points,10,consecutive_neighbour,logarytmic_temperature,1000,0.5,345.59246326642705,100000
uniform_points,10,consecutive_neighbour,logarytmic_temperature,1000,0.3,345.59246326645666,100000
uniform_points,10,consecutive_neighbour,exponentional_temperature,10,0.99,436.6461481040055,1353
uniform_points,10,consecutive_neighbour,exponentional_temperature,10,0.9,514.5602793365406,1035
uniform_points,10,consecutive_neighbour,exponentional_temperature,10,0.8,436.64614810400553,1050
uniform_points,10,consecutive_neighbour,exponentional_temperature,10,0.5,387.5125303827823,1075
uniform_points,10,consecutive_neighbour,exponentional_temperature,10,0.3,514.614241664986,1008
uniform_points,10,consecutive_neighbour,exponentional_temperature,100,0.99,345.5924632664113,1433
uniform_points,10,consecutive_neighbour,exponentional_temperature,100,0.9,469.3636651448222,1037
uniform_points,10,consecutive_neighbour,exponentional_temperature,100,0.8,345.5924632664114,1068
uniform_points,10,consecutive_neighbour,exponentional_temperature,100,0.5,469.3325753547217,1023
uniform_points,10,consecutive_neighbour,exponentional_temperature,100,0.3,424.1994965340557,1037
uniform_points,10,consecutive_neighbour,exponentional_temperature,1000,0.99,414.03951295381137,1701
uniform_points,10,consecutive_neighbour,exponentional_temperature,1000,0.9,436.48673638513924,1085
uniform_points,10,consecutive_neighbour,exponentional_temperature,1000,0.8,434.7211250827963,1041
uniform_points,10,consecutive_neighbour,exponentional_temperature,1000,0.5,433.40616139466766,1027
uniform_points,10,consecutive_neighbour,exponentional_temperature,1000,0.3,450.13745559027416,1015
uniform_points,10,arbitrary_neighbour,linear_temperature,10,0.99,345.5924632664113,1096
uniform_points,10,arbitrary_neighbour,linear_temperature,10,0.9,345.5924632664111,1087
uniform_points,10,arbitrary_neighbour,linear_temperature,10,0.8,345.59246326641113,1132
uniform_points,10,arbitrary_neighbour,linear_temperature,10,0.5,345.5924632664112,1339
uniform_points,10,arbitrary_neighbour,linear_temperature,10,0.3,345.5924632664114,1211
uniform_points,10,arbitrary_neighbour,linear_temperature,100,0.99,345.59246326641085,1191
uniform_points,10,arbitrary_neighbour,linear_temperature,100,0.9,345.59246326641136,1160
uniform_points,10,arbitrary_neighbour,linear_temperature,100,0.8,345.592463266411,1248
uniform_points,10,arbitrary_neighbour,linear_temperature,100,0.5,345.5924632664114,1271
uniform_points,10,arbitrary_neighbour,linear_temperature,100,0.3,345.5924632664114,1319
uniform_points,10,arbitrary_neighbour,linear_temperature,1000,0.99,345.5924632664137,2104
uniform_points,10,arbitrary_neighbour,linear_temperature,1000,0.9,345.5924632664104,2278
uniform_points,10,arbitrary_neighbour,linear_temperature,1000,0.8,345.592463266415,2338
uniform_points,10,arbitrary_neighbour,linear_temperature,1000,0.5,345.59246326641215,3193
uniform_points,10,arbitrary_neighbour,linear_temperature,1000,0.3,345.5924632664186,4453
uniform_points,10,arbitrary_neighbour,logarytmic_temperature,10,0.99,345.5924632664114,4804
uniform_points,10,arbitrary_neighbour,logarytmic_temperature,10,0.9,345.5924632664112,4077
uniform_points,10,arbitrary_neighbour,logarytmic_temperature,10,0.8,345.5924632664112,1533
uniform_points,10,arbitrary_neighbour,logarytmic_temperature,10,0.5,345.59246326641136,3211
uniform_points,10,arbitrary_neighbour,logarytmic_temperature,10,0.3,345.59246326641096,2341
uniform_points,10,arbitrary_neighbour,logarytmic_temperature,100,0.99,345.59246326640357,100000
uniform_points,10,arbitrary_neighbour,logarytmic_temperature,100,0.9,345.59246326640726,100000
uniform_points,10,arbitrary_neighbour,logarytmic_temperature,100,0.8,345.5924632664048,100000
uniform_points,10,arbitrary_neighbour,logarytmic_temperature,100,0.5,345.59246326640573,100000
uniform_points,10,arbitrary_neighbour,logarytmic_temperature,100,0.3,345.5924632664033,100000
uniform_points,10,arbitrary_neighbour,logarytmic_temperature,1000,0.99,345.59246326642767,100000
uniform_points,10,arbitrary_neighbour,logarytmic_temperature,1000,0.9,345.59246326655096,100000
uniform_points,10,arbitrary_neighbour,logarytmic_temperature,1000,0.8,345.59246326647275,100000
uniform_points,10,arbitrary_neighbour,logarytmic_temperature,1000,0.5,345.59246326642443,100000
uniform_points,10,arbitrary_neighbour,logarytmic_temperature,1000,0.3,345.59246326644217,100000
uniform_points,10,arbitrary_neighbour,exponentional_temperature,10,0.99,345.5924632664112,1206
uniform_points,10,arbitrary_neighbour,exponentional_temperature,10,0.9,345.5924632664112,1157
uniform_points,10,arbitrary_neighbour,exponentional_temperature,10,0.8,345.5924632664114,1093
uniform_points,10,arbitrary_neighbour,exponentional_temperature,10,0.5,345.5924632664113,1122
uniform_points,10,arbitrary_neighbour,exponentional_temperature,10,0.3,345.5924632664111,1180
uniform_points,10,arbitrary_neighbour,exponentional_temperature,100,0.99,345.59246326641096,1380
uniform_points,10,arbitrary_neighbour,exponentional_temperature,100,0.9,345.5924632664114,1084
uniform_points,10,arbitrary_neighbour,exponentional_temperature,100,0.8,345.5924632664111,1083
uniform_points,10,arbitrary_neighbour,exponentional_temperature,100,0.5,345.59246326641124,1123
uniform_points,10,arbitrary_neighbour,exponentional_temperature,100,0.3,345.5924632664111,1080
uniform_points,10,arbitrary_neighbour,exponentional_temperature,1000,0.99,345.5924632664124,1698
uniform_points,10,arbitrary_neighbour,exponentional_temperature,1000,0.9,345.59246326641136,1114
uniform_points,10,arbitrary_neighbour,exponentional_temperature,1000,0.8,345.59246326641124,1118
uniform_points,10,arbitrary_neighbour,exponentional_temperature,1000,0.5,345.5924632664112,1227
uniform_points,10,arbitrary_neighbour,exponentional_temperature,1000,0.3,345.5924632664113,1107
uniform_points,20,consecutive_neighbour,linear_temperature,10,0.99,696.7368492208461,1152
uniform_points,20,consecutive_neighbour,linear_temperature,10,0.9,751.385689668245,1036
uniform_points,20,consecutive_neighbour,linear_temperature,10,0.8,721.305065197468,1085
uniform_points,20,consecutive_neighbour,linear_temperature,10,0.5,669.1033715354355,1096
uniform_points,20,consecutive_neighbour,linear_temperature,10,0.3,628.2078128331649,1091
uniform_points,20,consecutive_neighbour,linear_temperature,100,0.99,605.5417970230081,1122
uniform_points,20,consecutive_neighbour,linear_temperature,100,0.9,629.6135340336741,1138
uniform_points,20,consecutive_neighbour,linear_temperature,100,0.8,634.004437375739,1158
uniform_points,20,consecutive_neighbour,linear_temperature,100,0.5,615.8524494884709,1269
uniform_points,20,consecutive_neighbour,linear_temperature,100,0.3,594.2717002213527,1367
uniform_points,20,consecutive_neighbour,linear_temperature,1000,0.99,597.0625254596038,2045
uniform_points,20,consecutive_neighbour,linear_temperature,1000,0.9,653.8505242959413,2163
uniform_points,20,consecutive_neighbour,linear_temperature,1000,0.8,632.8943628672007,2286
uniform_points,20,consecutive_neighbour,linear_temperature,1000,0.5,542.0417646868915,3053
uniform_points,20,consecutive_neighbour,linear_temperature,1000,0.3,604.6951207746919,4336
uniform_points,20,consecutive_neighbour,logarytmic_temperature,10,0.99,625.879953742165,100000
uniform_points,20,consecutive_neighbour,logarytmic_temperature,10,0.9,653.3038274988285,100000
uniform_points,20,consecutive_neighbour,logarytmic_temperature,10,0.8,606.6148205402825,100000
uniform_points,20,consecutive_neighbour,logarytmic_temperature,10,0.5,684.7628776114859,1237
uniform_points,20,consecutive_neighbour,logarytmic_temperature,10,0.3,631.8356345257057,100000
uniform_points,20,consecutive_neighbour,logarytmic_temperature,100,0.99,392.2010968656334,100000
uniform_points,20,consecutive_neighbour,logarytmic_temperature,100,0.9,511.79617768514083,100000
uniform_points,20,consecutive_neighbour,logarytmic_temperature,100,0.8,439.0712928585176,100000
uniform_points,20,consecutive_neighbour,logarytmic_temperature,100,0.5,426.61299780674295,100000
uniform_points,20,consecutive_neighbour,logarytmic_temperature,100,0.3,386.5768678084569,100000
uniform_points,20,consecutive_neighbour,logarytmic_temperature,1000,0.99,553.8818716898022,100000
uniform_points,20,consecutive_neighbour,logarytmic_temperature,1000,0.9,512.9673140788461,100000
uniform_points,20,consecutive_neighbour,logarytmic_temperature,1000,0.8,503.8226576404601,100000
uniform_points,20,consecutive_neighbour,logarytmic_temperature,1000,0.5,546.9965688020905,100000
uniform_points,20,consecutive_neighbour,logarytmic_temperature,1000,0.3,531.4261591787672,100000
uniform_points,20,consecutive_neighbour,exponentional_temperature,10,0.99,625.7454023056818,1303
uniform_points,20,consecutive_neighbour,exponentional_temperature,10,0.9,644.4265051320837,1083
uniform_points,20,consecutive_neighbour,exponentional_temperature,10,0.8,658.8370021423806,1144
uniform_points,20,consecutive_neighbour,exponentional_temperature,10,0.5,739.9165584777797,1031
uniform_points,20,consecutive_neighbour,exponentional_temperature,10,0.3,629.0232253288355,1103
uniform_points,20,consecutive_neighbour,exponentional_temperature,100,0.99,556.5015446508819,1654
uniform_points,20,consecutive_neighbour,exponentional_temperature,100,0.9,742.5066808166946,1118
uniform_points,20,consecutive_neighbour,exponentional_temperature,100,0.8,658.0580317365062,1099
uniform_points,20,consecutive_neighbour,exponentional_temperature,100,0.5,754.8666381153441,1085
uniform_points,20,consecutive_neighbour,exponentional_temperature,100,0.3,661.9130593726105,1092
uniform_points,20,consecutive_neighbour,exponentional_temperature,1000,0.99,591.2521285934135,1649
uniform_points,20,consecutive_neighbour,exponentional_temperature,1000,0.9,725.1399555005443,1089
uniform_points,20,consecutive_neighbour,exponentional_temperature,1000,0.8,719.6037257167065,1111
uniform_points,20,consecutive_neighbour,exponentional_temperature,1000,0.5,597.6022021273748,1133
uniform_points,20,consecutive_neighbour,exponentional_temperature,1000,0.3,671.5313536892567,1104
uniform_points,20,arbitrary_neighbour,linear_temperature,10,0.99,378.0249287181764,2667
uniform_points,20,arbitrary_neighbour,linear_temperature,10,0.9,409.8643435971179,1970
uniform_points,20,arbitrary_neighbour,linear_temperature,10,0.8,385.03873660472897,1563
uniform_points,20,arbitrary_neighbour,linear_temperature,10,0.5,388.9600285850068,1456
uniform_points,20,arbitrary_neighbour,linear_temperature,10,0.3,407.218517774441,2773
uniform_points,20,arbitrary_neighbour,linear_temperature,100,0.99,421.5552934438313,1430
uniform_points,20,arbitrary_neighbour,linear_temperature,100,0.9,402.93473890227864,2182
uniform_points,20,arbitrary_neighbour,linear_temperature,100,0.8,399.1894144125348,1443
uniform_points,20,arbitrary_neighbour,linear_temperature,100,0.5,389.99681222658205,2271
uniform_points,20,arbitrary_neighbour,linear_temperature,100,0.3,386.5768678084474,1820
uniform_points,20,arbitrary_neighbour,linear_temperature,1000,0.99,423.622262839186,2637
uniform_points,20,arbitrary_neighbour,linear_temperature,1000,0.9,441.3776237773566,3776
uniform_points,20,arbitrary_neighbour,linear_temperature,1000,0.8,409.69213378622953,2898
uniform_points,20,arbitrary_neighbour,linear_temperature,1000,0.5,452.00495400713913,3375
uniform_points,20,arbitrary_neighbour,linear_temperature,1000,0.3,408.8308540409379,4862
uniform_points,20,arbitrary_neighbour,logarytmic_temperature,10,0.99,417.65083873959156,2484
uniform_points,20,arbitrary_neighbour,logarytmic_temperature,10,0.9,391.3640386330745,5575
uniform_points,20,arbitrary_neighbour,logarytmic_temperature,10,0.8,376.76527492315523,3510
uniform_points,20,arbitrary_neighbour,logarytmic_temperature,10,0.5,375.6475821752599,1661
uniform_points,20,arbitrary_neighbour,logarytmic_temperature,10,0.3,400.33954253096215,1290
uniform_points,20,arbitrary_neighbour,logarytmic_temperature,100,0.99,376.76527492315444,100000
uniform_points,20,arbitrary_neighbour,logarytmic_temperature,100,0.9,379.1426214660723,100000
uniform_points,20,arbitrary_neighbour,logarytmic_temperature,100,0.8,375.64758217526094,100000
uniform_points,20,arbitrary_neighbour,logarytmic_temperature,100,0.5,381.1583264998654,100000
uniform_points,20,arbitrary_neighbour,logarytmic_temperature,100,0.3,375.64758217525565,100000
uniform_points,20,arbitrary_neighbour,logarytmic_temperature,1000,0.99,543.3506671664744,100000
uniform_points,20,arbitrary_neighbour,logarytmic_temperature,1000,0.9,528.2515193927796,100000
uniform_points,20,arbitrary_neighbour,logarytmic_temperature,1000,0.8,543.3294669778022,100000
uniform_points,20,arbitrary_neighbour,logarytmic_temperature,1000,0.5,532.7407974578464,100000
uniform_points,20,arbitrary_neighbour,logarytmic_temperature,1000,0.3,550.2242125611098,100000
uniform_points,20,arbitrary_neighbour,exponentional_temperature,10,0.99,431.3219156231378,1432
uniform_points,20,arbitrary_neighbour,exponentional_temperature,10,0.9,395.5045119771631,1565
uniform_points,20,arbitrary_neighbour,exponentional_temperature,10,0.8,419.74030606066594,1699
uniform_points,20,arbitrary_neighbour,exponentional_temperature,10,0.5,424.34133459063054,1663
uniform_points,20,arbitrary_neighbour,exponentional_temperature,10,0.3,439.4231902142143,1508
uniform_points,20,arbitrary_neighbour,exponentional_temperature,100,0.99,383.92104385683484,1822
uniform_points,20,arbitrary_neighbour,exponentional_temperature,100,0.9,378.0249287181764,2315
uniform_points,20,arbitrary_neighbour,exponentional_temperature,100,0.8,396.61981781836715,2272
uniform_points,20,arbitrary_neighbour,exponentional_temperature,100,0.5,426.0640244744078,2047
uniform_points,20,arbitrary_neighbour,exponentional_temperature,100,0.3,386.47039566385934,1969
uniform_points,20,arbitrary_neighbour,exponentional_temperature,1000,0.99,393.48420355041156,2790
uniform_points,20,arbitrary_neighbour,exponentional_temperature,1000,0.9,391.36403863307476,2172
uniform_points,20,arbitrary_neighbour,exponentional_temperature,1000,0.8,383.9210438568341,2152
uniform_points,20,arbitrary_neighbour,exponentional_temperature,1000,0.5,433.92128302382986,1630
uniform_points,20,arbitrary_neighbour,exponentional_temperature,1000,0.3,400.32315475752205,2100
uniform_points,40,consecutive_neighbour,linear_temperature,10,0.99,1554.2245046933042,1177
uniform_points,40,consecutive_neighbour,linear_temperature,10,0.9,1563.7547010264009,1150
uniform_points,40,consecutive_neighbour,linear_temperature,10,0.8,1531.6888049108386,1154
uniform_points,40,consecutive_neighbour,linear_temperature,10,0.5,1525.5389551036849,1179
uniform_points,40,consecutive_neighbour,linear_temperature,10,0.3,1555.46679671148,1136
uniform_points,40,consecutive_neighbour,linear_temperature,100,0.99,1532.996721027238,1246
uniform_points,40,consecutive_neighbour,linear_temperature,100,0.9,1340.6081357068704,1330
uniform_points,40,consecutive_neighbour,linear_temperature,100,0.8,1407.9178899860885,1331
uniform_points,40,consecutive_neighbour,linear_temperature,100,0.5,1477.9048168504291,1271
uniform_points,40,consecutive_neighbour,linear_temperature,100,0.3,1455.118109884736,1444
uniform_points,40,consecutive_neighbour,linear_temperature,1000,0.99,1550.9319302068952,2207
uniform_points,40,consecutive_neighbour,linear_temperature,1000,0.9,1327.0867198038184,2332
uniform_points,40,consecutive_neighbour,linear_temperature,1000,0.8,1280.095228268945,2454
uniform_points,40,consecutive_neighbour,linear_temperature,1000,0.5,1347.9970583904155,3089
uniform_points,40,consecutive_neighbour,linear_temperature,1000,0.3,1379.1190873921314,4376
uniform_points,40,consecutive_neighbour,logarytmic_temperature,10,0.99,1490.0082263268819,100000
uniform_points,40,consecutive_neighbour,logarytmic_temperature,10,0.9,1517.452846025865,100000
uniform_points,40,consecutive_neighbour,logarytmic_temperature,10,0.8,1503.5239275651363,100000
uniform_points,40,consecutive_neighbour,logarytmic_temperature,10,0.5,1467.107952323583,100000
uniform_points,40,consecutive_neighbour,logarytmic_temperature,10,0.3,1501.264723012062,100000
uniform_points,40,consecutive_neighbour,logarytmic_temperature,100,0.99,1036.7924194294235,100000
uniform_points,40,consecutive_neighbour,logarytmic_temperature,100,0.9,1023.3861447201479,100000
uniform_points,40,consecutive_neighbour,logarytmic_temperature,100,0.8,1129.336523276281,100000
uniform_points,40,consecutive_neighbour,logarytmic_temperature,100,0.5,1020.8796252320101,100000
uniform_points,40,consecutive_neighbour,logarytmic_temperature,100,0.3,1130.374267489677,100000
uniform_points,40,consecutive_neighbour,logarytmic_temperature,1000,0.99,1274.8705222917508,100000
uniform_points,40,consecutive_neighbour,logarytmic_temperature,1000,0.9,1318.990297601605,100000
uniform_points,40,consecutive_neighbour,logarytmic_temperature,1000,0.8,1312.307553118414,100000
uniform_points,40,consecutive_neighbour,logarytmic_temperature,1000,0.5,1277.0970583533938,100000
uniform_points,40,consecutive_neighbour,logarytmic_temperature,1000,0.3,1281.926370192596,100000
uniform_points,40,consecutive_neighbour,exponentional_temperature,10,0.99,1550.3313728173543,1533
uniform_points,40,consecutive_neighbour,exponentional_temperature,10,0.9,1533.3321544247665,1091
uniform_points,40,consecutive_neighbour,exponentional_temperature,10,0.8,1621.2826934284585,1123
uniform_points,40,consecutive_neighbour,exponentional_temperature,10,0.5,1571.734218383802,1152
uniform_points,40,consecutive_neighbour,exponentional_temperature,10,0.3,1521.769311589231,1165
uniform_points,40,consecutive_neighbour,exponentional_temperature,100,0.99,1368.181827473421,1762
uniform_points,40,consecutive_neighbour,exponentional_temperature,100,0.9,1412.244058626514,1125
uniform_points,40,consecutive_neighbour,exponentional_temperature,100,0.8,1472.1330833441802,1171
uniform_points,40,consecutive_neighbour,exponentional_temperature,100,0.5,1540.6546181304036,1136
uniform_points,40,consecutive_neighbour,exponentional_temperature,100,0.3,1493.1694874246914,1150
uniform_points,40,consecutive_neighbour,exponentional_temperature,1000,0.99,1479.2066936489914,1742
uniform_points,40,consecutive_neighbour,exponentional_temperature,1000,0.9,1492.2368154923877,1229
uniform_points,40,consecutive_neighbour,exponentional_temperature,1000,0.8,1552.204354058912,1207
uniform_points,40,consecutive_neighbour,exponentional_temperature,1000,0.5,1468.666587278317,1306
uniform_points,40,consecutive_neighbour,exponentional_temperature,1000,0.3,1437.1727434908807,1089
uniform_points,40,arbitrary_neighbour,linear_temperature,10,0.99,686.9133136451647,7937
uniform_points,40,arbitrary_neighbour,linear_temperature,10,0.9,710.6287664432574,5145
uniform_points,40,arbitrary_neighbour,linear_temperature,10,0.8,696.2885974275217,5990
uniform_points,40,arbitrary_neighbour,linear_temperature,10,0.5,682.9635484257652,3700
uniform_points,40,arbitrary_neighbour,linear_temperature,10,0.3,701.0082388671897,5151
uniform_points,40,arbitrary_neighbour,linear_temperature,100,0.99,679.8785821509659,5082
uniform_points,40,arbitrary_neighbour,linear_temperature,100,0.9,670.3082929622572,7448
uniform_points,40,arbitrary_neighbour,linear_temperature,100,0.8,698.3167319528806,4042
uniform_points,40,arbitrary_neighbour,linear_temperature,100,0.5,709.7829336549427,5521
uniform_points,40,arbitrary_neighbour,linear_temperature,100,0.3,689.4041290239293,4929
uniform_points,40,arbitrary_neighbour,linear_temperature,1000,0.99,686.6337190487169,7492
uniform_points,40,arbitrary_neighbour,linear_temperature,1000,0.9,737.257435354701,9496
uniform_points,40,arbitrary_neighbour,linear_temperature,1000,0.8,729.1414532521069,3492
uniform_points,40,arbitrary_neighbour,linear_temperature,1000,0.5,690.8441632777891,7617
uniform_points,40,arbitrary_neighbour,linear_temperature,1000,0.3,752.6522593956421,7408
uniform_points,40,arbitrary_neighbour,logarytmic_temperature,10,0.99,630.5023246917183,7903
uniform_points,40,arbitrary_neighbour,logarytmic_temperature,10,0.9,686.753111583252,23437
uniform_points,40,arbitrary_neighbour,logarytmic_temperature,10,0.8,657.5907762227724,15379
uniform_points,40,arbitrary_neighbour,logarytmic_temperature,10,0.5,649.1350754958983,17188
uniform_points,40,arbitrary_neighbour,logarytmic_temperature,10,0.3,610.4082503815508,26670
uniform_points,40,arbitrary_neighbour,logarytmic_temperature,100,0.99,615.6264971516887,100000
uniform_points,40,arbitrary_neighbour,logarytmic_temperature,100,0.9,612.0469270829775,100000
uniform_points,40,arbitrary_neighbour,logarytmic_temperature,100,0.8,634.5474725122305,100000
uniform_points,40,arbitrary_neighbour,logarytmic_temperature,100,0.5,633.812655264454,100000
uniform_points,40,arbitrary_neighbour,logarytmic_temperature,100,0.3,613.4337563583695,100000
uniform_points,40,arbitrary_neighbour,logarytmic_temperature,1000,0.99,1284.1608505931183,100000
uniform_points,40,arbitrary_neighbour,logarytmic_temperature,1000,0.9,1304.590615200525,100000
uniform_points,40,arbitrary_neighbour,logarytmic_temperature,1000,0.8,1306.0499581225172,100000
uniform_points,40,arbitrary_neighbour,logarytmic_temperature,1000,0.5,1314.8686678231597,100000
uniform_points,40,arbitrary_neighbour,logarytmic_temperature,1000,0.3,1307.4807859356438,100000
uniform_points,40,arbitrary_neighbour,exponentional_temperature,10,0.99,651.7018672865152,5167
uniform_points,40,arbitrary_neighbour,exponentional_temperature,10,0.9,689.1072616268292,4474
uniform_points,40,arbitrary_neighbour,exponentional_temperature,10,0.8,691.3684183409785,8026
uniform_points,40,arbitrary_neighbour,exponentional_temperature,10,0.5,644.527327316072,7658
uniform_points,40,arbitrary_neighbour,exponentional_temperature,10,0.3,671.2070469871392,10211
uniform_points,40,arbitrary_neighbour,exponentional_temperature,100,0.99,666.3185003598127,2942
uniform_points,40,arbitrary_neighbour,exponentional_temperature,100,0.9,697.670887383614,5028
uniform_points,40,arbitrary_neighbour,exponentional_temperature,100,0.8,677.8553466896024,5800
uniform_points,40,arbitrary_neighbour,exponentional_temperature,100,0.5,725.0877057797173,4076
uniform_points,40,arbitrary_neighbour,exponentional_temperature,100,0.3,698.6681282104034,4174
uniform_points,40,arbitrary_neighbour,exponentional_temperature,1000,0.99,613.7437060875366,9337
uniform_points,40,arbitrary_neighbour,exponentional_temperature,1000,0.9,702.5651895192748,4784
uniform_points,40,arbitrary_neighbour,exponentional_temperature,1000,0.8,661.6070729562407,4142
uniform_points,40,arbitrary_neighbour,exponentional_temperature,1000,0.5,663.2860947913713,3361
uniform_points,40,arbitrary_neighbour,exponentional_temperature,1000,0.3,679.414812063061,5271
four_normal_groups,8,consecutive_neighbour,linear_temperature,10,0.99,612.204258076555,1029
four_normal_groups,8,consecutive_neighbour,linear_temperature,10,0.9,634.1791106109207,1014
four_normal_groups,8,consecutive_neighbour,linear_temperature,10,0.8,550.4546367053731,1019
four_normal_groups,8,consecutive_neighbour,linear_temperature,10,0.5,541.137359625085,1026
four_normal_groups,8,consecutive_neighbour,linear_temperature,10,0.3,547.1422243540001,1040
four_normal_groups,8,consecutive_neighbour,linear_temperature,100,0.99,489.8509541790255,1116
four_normal_groups,8,consecutive_neighbour,linear_temperature,100,0.9,409.487904193745,1164
four_normal_groups,8,consecutive_neighbour,linear_temperature,100,0.8,489.85095417902545,1132
four_normal_groups,8,consecutive_neighbour,linear_temperature,100,0.5,409.48790419374444,1201
four_normal_groups,8,consecutive_neighbour,linear_temperature,100,0.3,409.48790419374546,1332
four_normal_groups,8,consecutive_neighbour,linear_temperature,1000,0.99,409.48790419374336,2014
four_normal_groups,8,consecutive_neighbour,linear_temperature,1000,0.9,409.48790419374296,2118
four_normal_groups,8,consecutive_neighbour,linear_temperature,1000,0.8,409.4879041937431,2251
four_normal_groups,8,consecutive_neighbour,linear_temperature,1000,0.5,409.48790419374154,3016
four_normal_groups,8,consecutive_neighbour,linear_temperature,1000,0.3,409.4879041937389,4335
four_normal_groups,8,consecutive_neighbour,logarytmic_temperature,10,0.99,553.8170720388484,100000
four_normal_groups,8,consecutive_neighbour,logarytmic_temperature,10,0.9,609.6497120495245,100000
four_normal_groups,8,consecutive_neighbour,logarytmic_temperature,10,0.8,609.6714872531294,100000
four_normal_groups,8,consecutive_neighbour,logarytmic_temperature,10,0.5,409.48790419373125,100000
four_normal_groups,8,consecutive_neighbour,logarytmic_temperature,10,0.3,541.0940431365079,100000
four_normal_groups,8,consecutive_neighbour,logarytmic_temperature,100,0.99,409.4879041936035,100000
four_normal_groups,8,consecutive_neighbour,logarytmic_temperature,100,0.9,409.48790419373404,100000
four_normal_groups,8,consecutive_neighbour,logarytmic_temperature,100,0.8,409.4879041934001,100000
four_normal_groups,8,consecutive_neighbour,logarytmic_temperature,100,0.5,409.48790419361444,100000
four_normal_groups,8,consecutive_neighbour,logarytmic_temperature,100,0.3,409.4879041936076,100000
four_normal_groups,8,consecutive_neighbour,logarytmic_temperature,1000,0.99,409.48790419354543,100000
four_normal_groups,8,consecutive_neighbour,logarytmic_temperature,1000,0.9,409.48790419353884,100000
four_normal_groups,8,consecutive_neighbour,logarytmic_temperature,1000,0.8,409.48790419353634,100000
four_normal_groups,8,consecutive_neighbour,logarytmic_temperature,1000,0.5,409.4879041935508,100000
four_normal_groups,8,consecutive_neighbour,logarytmic_temperature,1000,0.3,409.48790419353907,100000
four_normal_groups,8,consecutive_neighbour,exponentional_temperature,10,0.99,679.4641307526786,1887
four_normal_groups,8,consecutive_neighbour,exponentional_temperature,10,0.9,552.3802170781547,1042
four_normal_groups,8,consecutive_neighbour,exponentional_temperature,10,0.8,552.3802170781544,1044
four_normal_groups,8,consecutive_neighbour,exponentional_temperature,10,0.5,547.5705244372891,1026
four_normal_groups,8,consecutive_neighbour,exponentional_temperature,10,0.3,558.9952591270668,1022
four_normal_groups,8,consecutive_neighbour,exponentional_temperature,100,0.99,409.48790419374535,1643
four_normal_groups,8,consecutive_neighbour,exponentional_temperature,100,0.9,552.54593238811,1115
four_normal_groups,8,consecutive_neighbour,exponentional_temperature,100,0.8,558.9952591270667,1043
four_normal_groups,8,consecutive_neighbour,exponentional_temperature,100,0.5,547.1422243540002,1010
four_normal_groups,8,consecutive_neighbour,exponentional_temperature,100,0.3,552.3802170781546,1019
four_normal_groups,8,consecutive_neighbour,exponentional_temperature,1000,0.99,409.4879041937439,1913
four_normal_groups,8,consecutive_neighbour,exponentional_temperature,1000,0.9,409.9173140471795,1101
four_normal_groups,8,consecutive_neighbour,exponentional_temperature,1000,0.8,602.0026122156111,1073
four_normal_groups,8,consecutive_neighbour,exponentional_temperature,1000,0.5,553.8170720388482,1014
four_normal_groups,8,consecutive_neighbour,exponentional_temperature,1000,0.3,550.4546367053733,1020
four_normal_groups,8,arbitrary_neighbour,linear_temperature,10,0.99,409.48790419374546,1011
four_normal_groups,8,arbitrary_neighbour,linear_temperature,10,0.9,409.4879041937454,1028
four_normal_groups,8,arbitrary_neighbour,linear_temperature,10,0.8,489.85095417902556,1056
four_normal_groups,8,arbitrary_neighbour,linear_temperature,10,0.5,409.4879041937453,1053
four_normal_groups,8,arbitrary_neighbour,linear_temperature,10,0.3,409.4879041937453,1067
four_normal_groups,8,arbitrary_neighbour,linear_temperature,100,0.99,409.4879041937452,1129
four_normal_groups,8,arbitrary_neighbour,linear_temperature,100,0.9,409.4879041937451,1139
four_normal_groups,8,arbitrary_neighbour,linear_temperature,100,0.8,409.48790419374507,1134
four_normal_groups,8,arbitrary_neighbour,linear_temperature,100,0.5,409.48790419374507,1203
four_normal_groups,8,arbitrary_neighbour,linear_temperature,100,0.3,409.4879041937443,1365
four_normal_groups,8,arbitrary_neighbour,linear_temperature,1000,0.99,409.4879041937444,2106
four_normal_groups,8,arbitrary_neighbour,linear_temperature,1000,0.9,409.4879041937427,2129
four_normal_groups,8,arbitrary_neighbour,linear_temperature,1000,0.8,409.4879041937415,2255
four_normal_groups,8,arbitrary_neighbour,linear_temperature,1000,0.5,409.48790419374086,3040
four_normal_groups,8,arbitrary_neighbour,linear_temperature,1000,0.3,409.4879041937418,4331
four_normal_groups,8,arbitrary_neighbour,logarytmic_temperature,10,0.99,409.487904193711,100000
four_normal_groups,8,arbitrary_neighbour,logarytmic_temperature,10,0.9,409.48790419371494,100000
four_normal_groups,8,arbitrary_neighbour,logarytmic_temperature,10,0.8,409.4879041937408,100000
four_normal_groups,8,arbitrary_neighbour,logarytmic_temperature,10,0.5,409.4879041937414,100000
four_normal_groups,8,arbitrary_neighbour,logarytmic_temperature,10,0.3,409.4879041937396,100000
four_normal_groups,8,arbitrary_neighbour,logarytmic_temperature,100,0.99,409.4879041937074,100000
four_normal_groups,8,arbitrary_neighbour,logarytmic_temperature,100,0.9,409.4879041937051,100000
four_normal_groups,8,arbitrary_neighbour,logarytmic_temperature,100,0.8,409.48790419373995,100000
four_normal_groups,8,arbitrary_neighbour,logarytmic_temperature,100,0.5,409.487904193739,100000
four_normal_groups,8,arbitrary_neighbour,logarytmic_temperature,100,0.3,409.4879041937023,100000
four_normal_groups,8,arbitrary_neighbour,logarytmic_temperature,1000,0.99,409.48790419354367,100000
four_normal_groups,8,arbitrary_neighbour,logarytmic_temperature,1000,0.9,409.48790419352525,100000
four_normal_groups,8,arbitrary_neighbour,logarytmic_temperature,1000,0.8,409.4879041935402,100000
four_normal_groups,8,arbitrary_neighbour,logarytmic_temperature,1000,0.5,409.4879041935464,100000
four_normal_groups,8,arbitrary_neighbour,logarytmic_temperature,1000,0.3,409.4879041935443,100000
four_normal_groups,8,arbitrary_neighbour,exponentional_temperature,10,0.99,409.4879041937453,1403
four_normal_groups,8,arbitrary_neighbour,exponentional_temperature,10,0.9,409.48790419374524,1034
four_normal_groups,8,arbitrary_neighbour,exponentional_temperature,10,0.8,409.48790419374535,1133
four_normal_groups,8,arbitrary_neighbour,exponentional_temperature,10,0.5,409.48790419374546,1042
four_normal_groups,8,arbitrary_neighbour,exponentional_temperature,10,0.3,409.4879041937455,1065
four_normal_groups,8,arbitrary_neighbour,exponentional_temperature,100,0.99,409.48790419374507,1687
four_normal_groups,8,arbitrary_neighbour,exponentional_temperature,100,0.9,496.4280560522575,1077
four_normal_groups,8,arbitrary_neighbour,exponentional_temperature,100,0.8,409.4879041937454,1112
four_normal_groups,8,arbitrary_neighbour,exponentional_temperature,100,0.5,409.48790419374546,1028
four_normal_groups,8,arbitrary_neighbour,exponentional_temperature,100,0.3,409.4879041937453,1094
four_normal_groups,8,arbitrary_neighbour,exponentional_temperature,1000,0.99,409.4879041937448,1902
four_normal_groups,8,arbitrary_neighbour,exponentional_temperature,1000,0.9,409.4879041937449,1090
four_normal_groups,8,arbitrary_neighbour,exponentional_temperature,1000,0.8,409.48790419374546,1037
four_normal_groups,8,arbitrary_neighbour,exponentional_temperature,1000,0.5,409.4879041937456,1035
four_normal_groups,8,arbitrary_neighbour,exponentional_temperature,1000,0.3,409.4879041937455,1090
four_normal_groups,20,consecutive_neighbour,linear_temperature,10,0.99,1092.778092800228,1139
four_normal_groups,20,consecutive_neighbour,linear_temperature,10,0.9,1153.6427455943217,1043
four_normal_groups,20,consecutive_neighbour,linear_temperature,10,0.8,1144.979536030438,1224
four_normal_groups,20,consecutive_neighbour,linear_temperature,10,0.5,1285.6524514927523,1049
four_normal_groups,20,consecutive_neighbour,linear_temperature,10,0.3,1092.7780928002283,1111
four_normal_groups,20,consecutive_neighbour,linear_temperature,100,0.99,1105.8786272500795,1108
four_normal_groups,20,consecutive_neighbour,linear_temperature,100,0.9,1091.7188458773082,1125
four_normal_groups,20,consecutive_neighbour,linear_temperature,100,0.8,1099.955685197106,1162
four_normal_groups,20,consecutive_neighbour,linear_temperature,100,0.5,943.7270595464304,1278
four_normal_groups,20,consecutive_neighbour,linear_temperature,100,0.3,969.8308399661464,1357
four_normal_groups,20,consecutive_neighbour,linear_temperature,1000,0.99,1124.3673252766168,2041
four_normal_groups,20,consecutive_neighbour,linear_temperature,1000,0.9,942.5709529318798,2146
four_normal_groups,20,consecutive_neighbour,linear_temperature,1000,0.8,832.290038198886,2294
four_normal_groups,20,consecutive_neighbour,linear_temperature,1000,0.5,978.8453451375382,3033
four_normal_groups,20,consecutive_neighbour,linear_temperature,1000,0.3,994.0647984324538,4375
four_normal_groups,20,consecutive_neighbour,logarytmic_temperature,10,0.99,1138.1854074654239,100000
four_normal_groups,20,consecutive_neighbour,logarytmic_temperature,10,0.9,1092.1206020932218,100000
four_normal_groups,20,consecutive_neighbour,logarytmic_temperature,10,0.8,938.479284229702,100000
four_normal_groups,20,consecutive_neighbour,logarytmic_temperature,10,0.5,1144.9795360304392,100000
four_normal_groups,20,consecutive_neighbour,logarytmic_temperature,10,0.3,1078.5282080014117,100000
four_normal_groups,20,consecutive_neighbour,logarytmic_temperature,100,0.99,800.5824530866536,100000
four_normal_groups,20,consecutive_neighbour,logarytmic_temperature,100,0.9,869.1574163686612,100000
four_normal_groups,20,consecutive_neighbour,logarytmic_temperature,100,0.8,660.5340626639049,100000
four_normal_groups,20,consecutive_neighbour,logarytmic_temperature,100,0.5,862.1856658776163,100000
four_normal_groups,20,consecutive_neighbour,logarytmic_temperature,100,0.3,863.0282234341491,100000
four_normal_groups,20,consecutive_neighbour,logarytmic_temperature,1000,0.99,493.1828264082801,100000
four_normal_groups,20,consecutive_neighbour,logarytmic_temperature,1000,0.9,584.8643420846704,100000
four_normal_groups,20,consecutive_neighbour,logarytmic_temperature,1000,0.8,480.1114756156121,100000
four_normal_groups,20,consecutive_neighbour,logarytmic_temperature,1000,0.5,526.2779929361843,100000
four_normal_groups,20,consecutive_neighbour,logarytmic_temperature,1000,0.3,579.1030710577585,100000
four_normal_groups,20,consecutive_neighbour,exponentional_temperature,10,0.99,1088.862424450452,1468
four_normal_groups,20,consecutive_neighbour,exponentional_temperature,10,0.9,1148.9850058554657,1069
four_normal_groups,20,consecutive_neighbour,exponentional_temperature,10,0.8,1302.5083740566188,1043
four_normal_groups,20,consecutive_neighbour,exponentional_temperature,10,0.5,1132.0129117298657,1131
four_normal_groups,20,consecutive_neighbour,exponentional_temperature,10,0.3,1144.9795360304383,1253
four_normal_groups,20,consecutive_neighbour,exponentional_temperature,100,0.99,857.293231906645,1488
four_normal_groups,20,consecutive_neighbour,exponentional_temperature,100,0.9,1146.1149816550796,1097
four_normal_groups,20,consecutive_neighbour,exponentional_temperature,100,0.8,1144.9795360304386,1090
four_normal_groups,20,consecutive_neighbour,exponentional_temperature,100,0.5,1144.9795360304383,1142
four_normal_groups,20,consecutive_neighbour,exponentional_temperature,100,0.3,1191.0601687753003,1061
four_normal_groups,20,consecutive_neighbour,exponentional_temperature,1000,0.99,855.711220946485,1938
four_normal_groups,20,consecutive_neighbour,exponentional_temperature,1000,0.9,1150.6110816310193,1142
four_normal_groups,20,consecutive_neighbour,exponentional_temperature,1000,0.8,1132.2462387389999,1061
four_normal_groups,20,consecutive_neighbour,exponentional_temperature,1000,0.5,1144.9795360304383,1146
four_normal_groups,20,consecutive_neighbour,exponentional_temperature,1000,0.3,1284.914913401523,1085
four_normal_groups,20,arbitrary_neighbour,linear_temperature,10,0.99,565.3003410615698,2473
four_normal_groups,20,arbitrary_neighbour,linear_temperature,10,0.9,597.3767356858774,1606
four_normal_groups,20,arbitrary_neighbour,linear_temperature,10,0.8,555.6345816741185,2120
four_normal_groups,20,arbitrary_neighbour,linear_temperature,10,0.5,461.975992328487,2338
four_normal_groups,20,arbitrary_neighbour,linear_temperature,10,0.3,610.0699053573941,1468
four_normal_groups,20,arbitrary_neighbour,linear_temperature,100,0.99,564.5323283855389,1719
four_normal_groups,20,arbitrary_neighbour,linear_temperature,100,0.9,555.7607619659108,1668
four_normal_groups,20,arbitrary_neighbour,linear_temperature,100,0.8,601.8725161755473,2313
four_normal_groups,20,arbitrary_neighbour,linear_temperature,100,0.5,456.64282789725104,2451
four_normal_groups,20,arbitrary_neighbour,linear_temperature,100,0.3,464.28994883551076,2381
four_normal_groups,20,arbitrary_neighbour,linear_temperature,1000,0.99,549.3981481826454,2933
four_normal_groups,20,arbitrary_neighbour,linear_temperature,1000,0.9,461.97599232848927,2785
four_normal_groups,20,arbitrary_neighbour,linear_temperature,1000,0.8,456.642827897251,3778
four_normal_groups,20,arbitrary_neighbour,linear_temperature,1000,0.5,556.947900412168,4040
four_normal_groups,20,arbitrary_neighbour,linear_temperature,1000,0.3,561.5807740270631,5576
four_normal_groups,20,arbitrary_neighbour,logarytmic_temperature,10,0.99,545.0734577264376,100000
four_normal_groups,20,arbitrary_neighbour,logarytmic_temperature,10,0.9,456.6428278972494,100000
four_normal_groups,20,arbitrary_neighbour,logarytmic_temperature,10,0.8,456.64282789724984,100000
four_normal_groups,20,arbitrary_neighbour,logarytmic_temperature,10,0.5,456.6428278972498,100000
four_normal_groups,20,arbitrary_neighbour,logarytmic_temperature,10,0.3,456.64282789725024,100000
four_normal_groups,20,arbitrary_neighbour,logarytmic_temperature,100,0.99,460.5288521997613,100000
four_normal_groups,20,arbitrary_neighbour,logarytmic_temperature,100,0.9,460.4607371599423,100000
four_normal_groups,20,arbitrary_neighbour,logarytmic_temperature,100,0.8,459.9386133349024,100000
four_normal_groups,20,arbitrary_neighbour,logarytmic_temperature,100,0.5,458.31873517755486,100000
four_normal_groups,20,arbitrary_neighbour,logarytmic_temperature,100,0.3,456.96088456128524,100000
four_normal_groups,20,arbitrary_neighbour,logarytmic_temperature,1000,0.99,512.8300567645624,100000
four_normal_groups,20,arbitrary_neighbour,logarytmic_temperature,1000,0.9,519.7822546860054,100000
four_normal_groups,20,arbitrary_neighbour,logarytmic_temperature,1000,0.8,512.9240546667731,100000
four_normal_groups,20,arbitrary_neighbour,logarytmic_temperature,1000,0.5,491.0790556773764,100000
four_normal_groups,20,arbitrary_neighbour,logarytmic_temperature,1000,0.3,504.0735586133678,100000
four_normal_groups,20,arbitrary_neighbour,exponentional_temperature,10,0.99,456.6428278972511,1790
four_normal_groups,20,arbitrary_neighbour,exponentional_temperature,10,0.9,475.9103704113373,1461
four_normal_groups,20,arbitrary_neighbour,exponentional_temperature,10,0.8,550.1410311336492,1822
four_normal_groups,20,arbitrary_neighbour,exponentional_temperature,10,0.5,464.28994883551155,2198
four_normal_groups,20,arbitrary_neighbour,exponentional_temperature,10,0.3,555.7607619659127,2378
four_normal_groups,20,arbitrary_neighbour,exponentional_temperature,100,0.99,456.64282789725064,2275
four_normal_groups,20,arbitrary_neighbour,exponentional_temperature,100,0.9,545.0734577264376,2249
four_normal_groups,20,arbitrary_neighbour,exponentional_temperature,100,0.8,600.4330297203139,2128
four_normal_groups,20,arbitrary_neighbour,exponentional_temperature,100,0.5,464.2899488355119,2026
four_normal_groups,20,arbitrary_neighbour,exponentional_temperature,100,0.3,461.97599232848717,3059
four_normal_groups,20,arbitrary_neighbour,exponentional_temperature,1000,0.99,607.5689842202723,2642
four_normal_groups,20,arbitrary_neighbour,exponentional_temperature,1000,0.9,456.64282789725064,2603
four_normal_groups,20,arbitrary_neighbour,exponentional_temperature,1000,0.8,562.6357368535515,2648
four_normal_groups,20,arbitrary_neighbour,exponentional_temperature,1000,0.5,550.8738672411125,2057
four_normal_groups,20,arbitrary_neighbour,exponentional_temperature,1000,0.3,467.0514702357076,1795
four_normal_groups,40,consecutive_neighbour,linear_temperature,10,0.99,2653.186831868182,1191
four_normal_groups,40,consecutive_neighbour,linear_temperature,10,0.9,2575.1316137455265,1268
four_normal_groups,40,consecutive_neighbour,linear_temperature,10,0.8,2562.6538503778074,1088
four_normal_groups,40,consecutive_neighbour,linear_temperature,10,0.5,2638.2281041781353,1068
four_normal_groups,40,consecutive_neighbour,linear_temperature,10,0.3,2518.2616257878776,1161
four_normal_groups,40,consecutive_neighbour,linear_temperature,100,0.99,2081.2602322722996,1260
four_normal_groups,40,consecutive_neighbour,linear_temperature,100,0.9,2471.281429135572,1323
four_normal_groups,40,consecutive_neighbour,linear_temperature,100,0.8,2298.1285486270563,1408
four_normal_groups,40,consecutive_neighbour,linear_temperature,100,0.5,2379.8421097884225,1261
four_normal_groups,40,consecutive_neighbour,linear_temperature,100,0.3,2281.847817167238,1556
four_normal_groups,40,consecutive_neighbour,linear_temperature,1000,0.99,2425.8518134660076,2059
four_normal_groups,40,consecutive_neighbour,linear_temperature,1000,0.9,2156.2801720226826,2248
four_normal_groups,40,consecutive_neighbour,linear_temperature,1000,0.8,2186.1454323614566,2482
four_normal_groups,40,consecutive_neighbour,linear_temperature,1000,0.5,1769.6753183286917,3045
four_normal_groups,40,consecutive_neighbour,linear_temperature,1000,0.3,1848.8181651905381,4512
four_normal_groups,40,consecutive_neighbour,logarytmic_temperature,10,0.99,2530.5193222983066,100000
four_normal_groups,40,consecutive_neighbour,logarytmic_temperature,10,0.9,2515.3656783865267,100000
four_normal_groups,40,consecutive_neighbour,logarytmic_temperature,10,0.8,2354.253131710025,100000
four_normal_groups,40,consecutive_neighbour,logarytmic_temperature,10,0.5,2428.045533893459,100000
four_normal_groups,40,consecutive_neighbour,logarytmic_temperature,10,0.3,2446.4410453441974,100000
four_normal_groups,40,consecutive_neighbour,logarytmic_temperature,100,0.99,1685.2529182531437,100000
four_normal_groups,40,consecutive_neighbour,logarytmic_temperature,100,0.9,1825.103245703848,100000
four_normal_groups,40,consecutive_neighbour,logarytmic_temperature,100,0.8,1961.2606118604656,100000
four_normal_groups,40,consecutive_neighbour,logarytmic_temperature,100,0.5,1872.7238972342502,100000
four_normal_groups,40,consecutive_neighbour,logarytmic_temperature,100,0.3,1740.6267762190118,100000
four_normal_groups,40,consecutive_neighbour,logarytmic_temperature,1000,0.99,1162.0894389217121,100000
four_normal_groups,40,consecutive_neighbour,logarytmic_temperature,1000,0.9,1398.6860743396978,100000
four_normal_groups,40,consecutive_neighbour,logarytmic_temperature,1000,0.8,1002.2877182505457,100000
four_normal_groups,40,consecutive_neighbour,logarytmic_temperature,1000,0.5,1190.2271097557784,100000
four_normal_groups,40,consecutive_neighbour,logarytmic_temperature,1000,0.3,1349.6835500084505,100000
four_normal_groups,40,consecutive_neighbour,exponentional_temperature,10,0.99,2257.502902258392,1679
four_normal_groups,40,consecutive_neighbour,exponentional_temperature,10,0.9,2453.510019886513,1260
four_normal_groups,40,consecutive_neighbour,exponentional_temperature,10,0.8,2820.433094960063,1140
four_normal_groups,40,consecutive_neighbour,exponentional_temperature,10,0.5,2651.9219736585173,1158
four_normal_groups,40,consecutive_neighbour,exponentional_temperature,10,0.3,2870.913577537909,1184
four_normal_groups,40,consecutive_neighbour,exponentional_temperature,100,0.99,2440.333700437087,1888
four_normal_groups,40,consecutive_neighbour,exponentional_temperature,100,0.9,2563.46088079828,1325
four_normal_groups,40,consecutive_neighbour,exponentional_temperature,100,0.8,2735.4032633786455,1224
four_normal_groups,40,consecutive_neighbour,exponentional_temperature,100,0.5,2718.9736190470253,1153
four_normal_groups,40,consecutive_neighbour,exponentional_temperature,100,0.3,2570.3265343457592,1188
four_normal_groups,40,consecutive_neighbour,exponentional_temperature,1000,0.99,2481.7218588663977,1941
four_normal_groups,40,consecutive_neighbour,exponentional_temperature,1000,0.9,2468.9475445148278,1130
four_normal_groups,40,consecutive_neighbour,exponentional_temperature,1000,0.8,2515.0041988102953,1209
four_normal_groups,40,consecutive_neighbour,exponentional_temperature,1000,0.5,2268.2666778950097,1154
four_normal_groups,40,consecutive_neighbour,exponentional_temperature,1000,0.3,2673.9568302694815,1186
four_normal_groups,40,arbitrary_neighbour,linear_temperature,10,0.99,919.4976764766263,3221
four_normal_groups,40,arbitrary_neighbour,linear_temperature,10,0.9,893.8279615848985,3034
four_normal_groups,40,arbitrary_neighbour,linear_temperature,10,0.8,502.2490787665557,7956
four_normal_groups,40,arbitrary_neighbour,linear_temperature,10,0.5,818.143489632045,4926
four_normal_groups,40,arbitrary_neighbour,linear_temperature,10,0.3,803.234140118497,4875
four_normal_groups,40,arbitrary_neighbour,linear_temperature,100,0.99,944.3164579253844,8384
four_normal_groups,40,arbitrary_neighbour,linear_temperature,100,0.9,852.6676167931379,4496
four_normal_groups,40,arbitrary_neighbour,linear_temperature,100,0.8,696.0171917321993,5661
four_normal_groups,40,arbitrary_neighbour,linear_temperature,100,0.5,927.6500925340491,6963
four_normal_groups,40,arbitrary_neighbour,linear_temperature,100,0.3,856.5247107236582,2978
four_normal_groups,40,arbitrary_neighbour,linear_temperature,1000,0.99,798.1131555229916,9089
four_normal_groups,40,arbitrary_neighbour,linear_temperature,1000,0.9,973.369750627606,5325
four_normal_groups,40,arbitrary_neighbour,linear_temperature,1000,0.8,663.3969822977311,5954
four_normal_groups,40,arbitrary_neighbour,linear_temperature,1000,0.5,658.2599275096474,6976
four_normal_groups,40,arbitrary_neighbour,linear_temperature,1000,0.3,831.8916441672651,8095
four_normal_groups,40,arbitrary_neighbour,logarytmic_temperature,10,0.99,500.17707969251586,100000
four_normal_groups,40,arbitrary_neighbour,logarytmic_temperature,10,0.9,772.9216118082114,100000
four_normal_groups,40,arbitrary_neighbour,logarytmic_temperature,10,0.8,735.1878787448553,100000
four_normal_groups,40,arbitrary_neighbour,logarytmic_temperature,10,0.5,644.3064669625072,100000
four_normal_groups,40,arbitrary_neighbour,logarytmic_temperature,10,0.3,607.5090209532169,100000
four_normal_groups,40,arbitrary_neighbour,logarytmic_temperature,100,0.99,550.5663115021058,100000
four_normal_groups,40,arbitrary_neighbour,logarytmic_temperature,100,0.9,634.5502604000344,100000
four_normal_groups,40,arbitrary_neighbour,logarytmic_temperature,100,0.8,551.9248440281111,100000
four_normal_groups,40,arbitrary_neighbour,logarytmic_temperature,100,0.5,555.8941928394515,100000
four_normal_groups,40,arbitrary_neighbour,logarytmic_temperature,100,0.3,649.963656313864,100000
four_normal_groups,40,arbitrary_neighbour,logarytmic_temperature,1000,0.99,1170.5925301125014,100000
four_normal_groups,40,arbitrary_neighbour,logarytmic_temperature,1000,0.9,1281.4975786343991,100000
four_normal_groups,40,arbitrary_neighbour,logarytmic_temperature,1000,0.8,1219.0953354267274,100000
four_normal_groups,40,arbitrary_neighbour,logarytmic_temperature,1000,0.5,1244.4385965592808,100000
four_normal_groups,40,arbitrary_neighbour,logarytmic_temperature,1000,0.3,1305.6681193607212,100000
four_normal_groups,40,arbitrary_neighbour,exponentional_temperature,10,0.99,942.5674942132396,4101
four_normal_groups,40,arbitrary_neighbour,exponentional_temperature,10,0.9,826.8364731729063,5406
four_normal_groups,40,arbitrary_neighbour,exponentional_temperature,10,0.8,758.0929913973204,6892
four_normal_groups,40,arbitrary_neighbour,exponentional_temperature,10,0.5,724.6056833326144,5332
four_normal_groups,40,arbitrary_neighbour,exponentional_temperature,10,0.3,969.4332714824,4575
four_normal_groups,40,arbitrary_neighbour,exponentional_temperature,100,0.99,665.4999165373225,5591
four_normal_groups,40,arbitrary_neighbour,exponentional_temperature,100,0.9,864.3881780947156,5548
four_normal_groups,40,arbitrary_neighbour,exponentional_temperature,100,0.8,698.1141027039014,6985
four_normal_groups,40,arbitrary_neighbour,exponentional_temperature,100,0.5,1101.318546952135,5215
four_normal_groups,40,arbitrary_neighbour,exponentional_temperature,100,0.3,815.5277398638639,5580
four_normal_groups,40,arbitrary_neighbour,exponentional_temperature,1000,0.99,944.1661368812478,7883
four_normal_groups,40,arbitrary_neighbour,exponentional_temperature,1000,0.9,976.047717377812,4689
four_normal_groups,40,arbitrary_neighbour,exponentional_temperature,1000,0.8,705.1503888349888,5674
four_normal_groups,40,arbitrary_neighbour,exponentional_temperature,1000,0.5,835.4973224641462,6554
four_normal_groups,40,arbitrary_neighbour,exponentional_temperature,1000,0.3,655.5232912439147,7820
nine_normal_groups,9,consecutive_neighbour,linear_temperature,10,0.99,501.2871838640651,1017
nine_normal_groups,9,consecutive_neighbour,linear_temperature,10,0.9,474.9703313917785,1042
nine_normal_groups,9,consecutive_neighbour,linear_temperature,10,0.8,421.7532836724787,1037
nine_normal_groups,9,consecutive_neighbour,linear_temperature,10,0.5,415.70227718517054,1024
nine_normal_groups,9,consecutive_neighbour,linear_temperature,10,0.3,500.1791758042617,1018
nine_normal_groups,9,consecutive_neighbour,linear_temperature,100,0.99,312.06132665655343,1086
nine_normal_groups,9,consecutive_neighbour,linear_temperature,100,0.9,417.9682137401998,1117
nine_normal_groups,9,consecutive_neighbour,linear_temperature,100,0.8,312.06132665655343,1124
nine_normal_groups,9,consecutive_neighbour,linear_temperature,100,0.5,312.0613266565538,1200
nine_normal_groups,9,consecutive_neighbour,linear_temperature,100,0.3,312.06132665655355,1319
nine_normal_groups,9,consecutive_neighbour,linear_temperature,1000,0.99,312.06132665655696,1999
nine_normal_groups,9,consecutive_neighbour,linear_temperature,1000,0.9,312.06132665655616,2102
nine_normal_groups,9,consecutive_neighbour,linear_temperature,1000,0.8,312.06132665655707,2233
nine_normal_groups,9,consecutive_neighbour,linear_temperature,1000,0.5,312.061326656558,2960
nine_normal_groups,9,consecutive_neighbour,linear_temperature,1000,0.3,312.0613266565556,4329
nine_normal_groups,9,consecutive_neighbour,logarytmic_temperature,10,0.99,500.1791758042615,3508
nine_normal_groups,9,consecutive_neighbour,logarytmic_temperature,10,0.9,312.0613266565533,1023
nine_normal_groups,9,consecutive_neighbour,logarytmic_temperature,10,0.8,409.6486388756807,1021
nine_normal_groups,9,consecutive_neighbour,logarytmic_temperature,10,0.5,312.06132665655343,1069
nine_normal_groups,9,consecutive_neighbour,logarytmic_temperature,10,0.3,312.06132665655355,1109
nine_normal_groups,9,consecutive_neighbour,logarytmic_temperature,100,0.99,312.0613266565534,10381
nine_normal_groups,9,consecutive_neighbour,logarytmic_temperature,100,0.9,312.0613266565538,16987
nine_normal_groups,9,consecutive_neighbour,logarytmic_temperature,100,0.8,312.061326656553,12100
nine_normal_groups,9,consecutive_neighbour,logarytmic_temperature,100,0.5,312.06132665655315,7278
nine_normal_groups,9,consecutive_neighbour,logarytmic_temperature,100,0.3,312.06132665655343,22040
nine_normal_groups,9,consecutive_neighbour,logarytmic_temperature,1000,0.99,312.06132665655895,100000
nine_normal_groups,9,consecutive_neighbour,logarytmic_temperature,1000,0.9,312.0613266565566,100000
nine_normal_groups,9,consecutive_neighbour,logarytmic_temperature,1000,0.8,312.0613266565534,100000
nine_normal_groups,9,consecutive_neighbour,logarytmic_temperature,1000,0.5,312.061326656554,100000
nine_normal_groups,9,consecutive_neighbour,logarytmic_temperature,1000,0.3,312.06132665655844,100000
nine_normal_groups,9,consecutive_neighbour,exponentional_temperature,10,0.99,447.03508066643576,1055
nine_normal_groups,9,consecutive_neighbour,exponentional_temperature,10,0.9,312.0613266565535,1015
nine_normal_groups,9,consecutive_neighbour,exponentional_temperature,10,0.8,485.3543386789552,1025
nine_normal_groups,9,consecutive_neighbour,exponentional_temperature,10,0.5,501.28718386406524,1019
nine_normal_groups,9,consecutive_neighbour,exponentional_temperature,10,0.3,501.2871838640651,1002
nine_normal_groups,9,consecutive_neighbour,exponentional_temperature,100,0.99,312.0613266565538,1223
nine_normal_groups,9,consecutive_neighbour,exponentional_temperature,100,0.9,421.7532836724786,1038
nine_normal_groups,9,consecutive_neighbour,exponentional_temperature,100,0.8,312.06132665655343,1030
nine_normal_groups,9,consecutive_neighbour,exponentional_temperature,100,0.5,474.9703313917785,1008
nine_normal_groups,9,consecutive_neighbour,exponentional_temperature,100,0.3,415.70227718517054,1020
nine_normal_groups,9,consecutive_neighbour,exponentional_temperature,1000,0.99,312.06132665655514,1439
nine_normal_groups,9,consecutive_neighbour,exponentional_temperature,1000,0.9,421.8218027705302,1049
nine_normal_groups,9,consecutive_neighbour,exponentional_temperature,1000,0.8,312.0613266565533,1057
nine_normal_groups,9,consecutive_neighbour,exponentional_temperature,1000,0.5,485.3543386789552,1013
nine_normal_groups,9,consecutive_neighbour,exponentional_temperature,1000,0.3,409.6486388756805,1060
nine_normal_groups,9,arbitrary_neighbour,linear_temperature,10,0.99,312.0613266565533,1037
nine_normal_groups,9,arbitrary_neighbour,linear_temperature,10,0.9,312.0613266565533,1043
nine_normal_groups,9,arbitrary_neighbour,linear_temperature,10,0.8,312.0613266565533,1087
nine_normal_groups,9,arbitrary_neighbour,linear_temperature,10,0.5,312.0613266565534,1143
nine_normal_groups,9,arbitrary_neighbour,linear_temperature,10,0.3,312.0613266565532,1043
nine_normal_groups,9,arbitrary_neighbour,linear_temperature,100,0.99,312.0613266565532,1156
nine_normal_groups,9,arbitrary_neighbour,linear_temperature,100,0.9,312.0613266565535,1172
nine_normal_groups,9,arbitrary_neighbour,linear_temperature,100,0.8,312.0613266565532,1201
nine_normal_groups,9,arbitrary_neighbour,linear_temperature,100,0.5,312.06132665655304,1201
nine_normal_groups,9,arbitrary_neighbour,linear_temperature,100,0.3,312.06132665655343,1256
nine_normal_groups,9,arbitrary_neighbour,linear_temperature,1000,0.99,312.0613266565555,2000
nine_normal_groups,9,arbitrary_neighbour,linear_temperature,1000,0.9,312.0613266565581,2109
nine_normal_groups,9,arbitrary_neighbour,linear_temperature,1000,0.8,312.0613266565558,2310
nine_normal_groups,9,arbitrary_neighbour,linear_temperature,1000,0.5,312.0613266565613,3139
nine_normal_groups,9,arbitrary_neighbour,linear_temperature,1000,0.3,312.06132665655593,4410
nine_normal_groups,9,arbitrary_neighbour,logarytmic_temperature,10,0.99,312.0613266565533,1027
nine_normal_groups,9,arbitrary_neighbour,logarytmic_temperature,10,0.9,312.06132665655326,1121
nine_normal_groups,9,arbitrary_neighbour,logarytmic_temperature,10,0.8,312.06132665655326,1118
nine_normal_groups,9,arbitrary_neighbour,logarytmic_temperature,10,0.5,312.0613266565535,1095
nine_normal_groups,9,arbitrary_neighbour,logarytmic_temperature,10,0.3,312.0613266565534,1092
nine_normal_groups,9,arbitrary_neighbour,logarytmic_temperature,100,0.99,312.06132665655343,2689
nine_normal_groups,9,arbitrary_neighbour,logarytmic_temperature,100,0.9,312.0613266565535,7310
nine_normal_groups,9,arbitrary_neighbour,logarytmic_temperature,100,0.8,312.06132665655315,1941
nine_normal_groups,9,arbitrary_neighbour,logarytmic_temperature,100,0.5,312.06132665655304,5051
nine_normal_groups,9,arbitrary_neighbour,logarytmic_temperature,100,0.3,312.0613266565531,1972
nine_normal_groups,9,arbitrary_neighbour,logarytmic_temperature,1000,0.99,312.0613266565708,100000
nine_normal_groups,9,arbitrary_neighbour,logarytmic_temperature,1000,0.9,312.06132665655673,100000
nine_normal_groups,9,arbitrary_neighbour,logarytmic_temperature,1000,0.8,312.0613266565671,100000
nine_normal_groups,9,arbitrary_neighbour,logarytmic_temperature,1000,0.5,312.0613266565655,100000
nine_normal_groups,9,arbitrary_neighbour,logarytmic_temperature,1000,0.3,312.0613266565573,100000
nine_normal_groups,9,arbitrary_neighbour,exponentional_temperature,10,0.99,312.06132665655343,1057
nine_normal_groups,9,arbitrary_neighbour,exponentional_temperature,10,0.9,312.06132665655326,1124
nine_normal_groups,9,arbitrary_neighbour,exponentional_temperature,10,0.8,312.0613266565532,1045
nine_normal_groups,9,arbitrary_neighbour,exponentional_temperature,10,0.5,312.06132665655326,1138
nine_normal_groups,9,arbitrary_neighbour,exponentional_temperature,10,0.3,312.0613266565532,1059
nine_normal_groups,9,arbitrary_neighbour,exponentional_temperature,100,0.99,312.06132665655326,1159
nine_normal_groups,9,arbitrary_neighbour,exponentional_temperature,100,0.9,312.06132665655326,1069
nine_normal_groups,9,arbitrary_neighbour,exponentional_temperature,100,0.8,312.0613266565533,1070
nine_normal_groups,9,arbitrary_neighbour,exponentional_temperature,100,0.5,312.0613266565533,1079
nine_normal_groups,9,arbitrary_neighbour,exponentional_temperature,100,0.3,312.06132665655326,1075
nine_normal_groups,9,arbitrary_neighbour,exponentional_temperature,1000,0.99,312.061326656555,1399
nine_normal_groups,9,arbitrary_neighbour,exponentional_temperature,1000,0.9,312.06132665655286,1135
nine_normal_groups,9,arbitrary_neighbour,exponentional_temperature,1000,0.8,312.0613266565531,1105
nine_normal_groups,9,arbitrary_neighbour,exponentional_temperature,1000,0.5,312.0613266565531,1121
nine_normal_groups,9,arbitrary_neighbour,exponentional_temperature,1000,0.3,312.06132665655326,1196
nine_normal_groups,18,consecutive_neighbour,linear_temperature,10,0.99,694.6603730080842,1097
nine_normal_groups,18,consecutive_neighbour,linear_temperature,10,0.9,886.9806083062435,1036
nine_normal_groups,18,consecutive_neighbour,linear_temperature,10,0.8,886.9806083062438,1033
nine_normal_groups,18,consecutive_neighbour,linear_temperature,10,0.5,974.6761023580144,1026
nine_normal_groups,18,consecutive_neighbour,linear_temperature,10,0.3,969.3038445467794,1042
nine_normal_groups,18,consecutive_neighbour,linear_temperature,100,0.99,737.1501458649725,1132
nine_normal_groups,18,consecutive_neighbour,linear_temperature,100,0.9,793.008579829192,1169
nine_normal_groups,18,consecutive_neighbour,linear_temperature,100,0.8,858.1666995998823,1137
nine_normal_groups,18,consecutive_neighbour,linear_temperature,100,0.5,648.6231133596883,1207
nine_normal_groups,18,consecutive_neighbour,linear_temperature,100,0.3,666.3733246089213,1338
nine_normal_groups,18,consecutive_neighbour,linear_temperature,1000,0.99,708.614900487892,2033
nine_normal_groups,18,consecutive_neighbour,linear_temperature,1000,0.9,785.9633027257399,2176
nine_normal_groups,18,consecutive_neighbour,linear_temperature,1000,0.8,745.3173339611279,2289
nine_normal_groups,18,consecutive_neighbour,linear_temperature,1000,0.5,644.5257967920342,3066
nine_normal_groups,18,consecutive_neighbour,linear_temperature,1000,0.3,641.5251424653685,4337
nine_normal_groups,18,consecutive_neighbour,logarytmic_temperature,10,0.99,751.9998896385044,100000
nine_normal_groups,18,consecutive_neighbour,logarytmic_temperature,10,0.9,920.9370383638294,100000
nine_normal_groups,18,consecutive_neighbour,logarytmic_temperature,10,0.8,868.1832131711202,5022
nine_normal_groups,18,consecutive_neighbour,logarytmic_temperature,10,0.5,868.1832131711203,1898
nine_normal_groups,18,consecutive_neighbour,logarytmic_temperature,10,0.3,866.366874389585,1041
nine_normal_groups,18,consecutive_neighbour,logarytmic_temperature,100,0.99,319.95048656502127,100000
nine_normal_groups,18,consecutive_neighbour,logarytmic_temperature,100,0.9,319.9504865650717,100000
nine_normal_groups,18,consecutive_neighbour,logarytmic_temperature,100,0.8,520.0671712735598,100000
nine_normal_groups,18,consecutive_neighbour,logarytmic_temperature,100,0.5,319.950486565019,100000
nine_normal_groups,18,consecutive_neighbour,logarytmic_temperature,100,0.3,544.5041690240824,100000
nine_normal_groups,18,consecutive_neighbour,logarytmic_temperature,1000,0.99,527.2021992782593,100000
nine_normal_groups,18,consecutive_neighbour,logarytmic_temperature,1000,0.9,553.0599823000424,100000
nine_normal_groups,18,consecutive_neighbour,logarytmic_temperature,1000,0.8,494.4997928668184,100000
nine_normal_groups,18,consecutive_neighbour,logarytmic_temperature,1000,0.5,532.3335141776174,100000
nine_normal_groups,18,consecutive_neighbour,logarytmic_temperature,1000,0.3,458.0264294833663,100000
nine_normal_groups,18,consecutive_neighbour,exponentional_temperature,10,0.99,821.249144998791,1281
nine_normal_groups,18,consecutive_neighbour,exponentional_temperature,10,0.9,871.9656550477176,1047
nine_normal_groups,18,consecutive_neighbour,exponentional_temperature,10,0.8,955.721571302098,1142
nine_normal_groups,18,consecutive_neighbour,exponentional_temperature,10,0.5,816.9570067253137,1060
nine_normal_groups,18,consecutive_neighbour,exponentional_temperature,10,0.3,921.2513676119606,1041
nine_normal_groups,18,consecutive_neighbour,exponentional_temperature,100,0.99,604.9127101629571,1613
nine_normal_groups,18,consecutive_neighbour,exponentional_temperature,100,0.9,909.441726971308,1062
nine_normal_groups,18,consecutive_neighbour,exponentional_temperature,100,0.8,856.149282483845,1116
nine_normal_groups,18,consecutive_neighbour,exponentional_temperature,100,0.5,853.802337861464,1039
nine_normal_groups,18,consecutive_neighbour,exponentional_temperature,100,0.3,904.6845906486104,1016
nine_normal_groups,18,consecutive_neighbour,exponentional_temperature,1000,0.99,646.9224831305239,1984
nine_normal_groups,18,consecutive_neighbour,exponentional_temperature,1000,0.9,857.2222631265124,1112
nine_normal_groups,18,consecutive_neighbour,exponentional_temperature,1000,0.8,773.7986234858841,1052
nine_normal_groups,18,consecutive_neighbour,exponentional_temperature,1000,0.5,920.9370383638296,1071
nine_normal_groups,18,consecutive_neighbour,exponentional_temperature,1000,0.3,912.1516936753645,1070
nine_normal_groups,18,arbitrary_neighbour,linear_temperature,10,0.99,498.652737331107,1525
nine_normal_groups,18,arbitrary_neighbour,linear_temperature,10,0.9,477.003655105976,1513
nine_normal_groups,18,arbitrary_neighbour,linear_temperature,10,0.8,319.95048656502996,3727
nine_normal_groups,18,arbitrary_neighbour,linear_temperature,10,0.5,493.6085746086633,1603
nine_normal_groups,18,arbitrary_neighbour,linear_temperature,10,0.3,526.4619921092593,1339
nine_normal_groups,18,arbitrary_neighbour,linear_temperature,100,0.99,319.95048656503155,1740
nine_normal_groups,18,arbitrary_neighbour,linear_temperature,100,0.9,430.3405356492019,1829
nine_normal_groups,18,arbitrary_neighbour,linear_temperature,100,0.8,382.50599342294595,2075
nine_normal_groups,18,arbitrary_neighbour,linear_temperature,100,0.5,426.57058431900504,1941
nine_normal_groups,18,arbitrary_neighbour,linear_temperature,100,0.3,319.95048656503434,3347
nine_normal_groups,18,arbitrary_neighbour,linear_temperature,1000,0.99,385.6224872624774,3039
nine_normal_groups,18,arbitrary_neighbour,linear_temperature,1000,0.9,319.950486565034,2958
nine_normal_groups,18,arbitrary_neighbour,linear_temperature,1000,0.8,502.10732347794936,2498
nine_normal_groups,18,arbitrary_neighbour,linear_temperature,1000,0.5,430.3477941218324,3767
nine_normal_groups,18,arbitrary_neighbour,linear_temperature,1000,0.3,479.6500739995288,4659
nine_normal_groups,18,arbitrary_neighbour,logarytmic_temperature,10,0.99,452.0451634624892,88301
nine_normal_groups,18,arbitrary_neighbour,logarytmic_temperature,10,0.9,319.9504865650202,95800
nine_normal_groups,18,arbitrary_neighbour,logarytmic_temperature,10,0.8,502.617189032084,100000
nine_normal_groups,18,arbitrary_neighbour,logarytmic_temperature,10,0.5,452.0451634624827,100000
nine_normal_groups,18,arbitrary_neighbour,logarytmic_temperature,10,0.3,319.950486565026,49376
nine_normal_groups,18,arbitrary_neighbour,logarytmic_temperature,100,0.99,319.9504865650231,100000
nine_normal_groups,18,arbitrary_neighbour,logarytmic_temperature,100,0.9,319.95048656502127,100000
nine_normal_groups,18,arbitrary_neighbour,logarytmic_temperature,100,0.8,319.95048656502314,100000
nine_normal_groups,18,arbitrary_neighbour,logarytmic_temperature,100,0.5,319.9504865650239,100000
nine_normal_groups,18,arbitrary_neighbour,logarytmic_temperature,100,0.3,319.95048656502394,100000
nine_normal_groups,18,arbitrary_neighbour,logarytmic_temperature,1000,0.99,525.9918323956996,100000
nine_normal_groups,18,arbitrary_neighbour,logarytmic_temperature,1000,0.9,545.6965075467506,100000
nine_normal_groups,18,arbitrary_neighbour,logarytmic_temperature,1000,0.8,551.389443146052,100000
nine_normal_groups,18,arbitrary_neighbour,logarytmic_temperature,1000,0.5,512.0492555807543,100000
nine_normal_groups,18,arbitrary_neighbour,logarytmic_temperature,1000,0.3,444.89998372165,100000
nine_normal_groups,18,arbitrary_neighbour,exponentional_temperature,10,0.99,319.95048656503093,1519
nine_normal_groups,18,arbitrary_neighbour,exponentional_temperature,10,0.9,431.3004603805043,1780
nine_normal_groups,18,arbitrary_neighbour,exponentional_temperature,10,0.8,528.0501087023124,1810
nine_normal_groups,18,arbitrary_neighbour,exponentional_temperature,10,0.5,319.9504865650311,1406
nine_normal_groups,18,arbitrary_neighbour,exponentional_temperature,10,0.3,319.95048656503104,2144
nine_normal_groups,18,arbitrary_neighbour,exponentional_temperature,100,0.99,382.50599342294527,1607
nine_normal_groups,18,arbitrary_neighbour,exponentional_temperature,100,0.9,319.95048656503025,1569
nine_normal_groups,18,arbitrary_neighbour,exponentional_temperature,100,0.8,529.1487240181718,1097
nine_normal_groups,18,arbitrary_neighbour,exponentional_temperature,100,0.5,319.95048656503036,1674
nine_normal_groups,18,arbitrary_neighbour,exponentional_temperature,100,0.3,431.3004603805043,1559
nine_normal_groups,18,arbitrary_neighbour,exponentional_temperature,1000,0.99,319.9504865650292,2316
nine_normal_groups,18,arbitrary_neighbour,exponentional_temperature,1000,0.9,431.810857788316,1659
nine_normal_groups,18,arbitrary_neighbour,exponentional_temperature,1000,0.8,319.9504865650307,1990
nine_normal_groups,18,arbitrary_neighbour,exponentional_temperature,1000,0.5,438.1260391730883,1571
nine_normal_groups,18,arbitrary_neighbour,exponentional_temperature,1000,0.3,384.11764260788937,3058
nine_normal_groups,36,consecutive_neighbour,linear_temperature,10,0.99,1872.1314883780835,1126
nine_normal_groups,36,consecutive_neighbour,linear_temperature,10,0.9,1895.7704496967096,1047
nine_normal_groups,36,consecutive_neighbour,linear_temperature,10,0.8,1872.0041219395039,1200
nine_normal_groups,36,consecutive_neighbour,linear_temperature,10,0.5,1873.820577004569,1118
nine_normal_groups,36,consecutive_neighbour,linear_temperature,10,0.3,1803.6433453191205,1252
nine_normal_groups,36,consecutive_neighbour,linear_temperature,100,0.99,1620.489270579287,1194
nine_normal_groups,36,consecutive_neighbour,linear_temperature,100,0.9,1646.9372923266383,1198
nine_normal_groups,36,consecutive_neighbour,linear_temperature,100,0.8,1711.9500394276756,1255
nine_normal_groups,36,consecutive_neighbour,linear_temperature,100,0.5,1563.4921855578464,1261
nine_normal_groups,36,consecutive_neighbour,linear_temperature,100,0.3,1388.8993507420796,1377
nine_normal_groups,36,consecutive_neighbour,linear_temperature,1000,0.99,1745.4642337388823,2109
nine_normal_groups,36,consecutive_neighbour,linear_temperature,1000,0.9,1605.726937897827,2204
nine_normal_groups,36,consecutive_neighbour,linear_temperature,1000,0.8,1394.6796665267295,2326
nine_normal_groups,36,consecutive_neighbour,linear_temperature,1000,0.5,1385.205335565956,3113
nine_normal_groups,36,consecutive_neighbour,linear_temperature,1000,0.3,1509.1517511788247,4381
nine_normal_groups,36,consecutive_neighbour,logarytmic_temperature,10,0.99,1801.2055982167487,100000
nine_normal_groups,36,consecutive_neighbour,logarytmic_temperature,10,0.9,1831.6918893077036,100000
nine_normal_groups,36,consecutive_neighbour,logarytmic_temperature,10,0.8,1811.5005804781738,100000
nine_normal_groups,36,consecutive_neighbour,logarytmic_temperature,10,0.5,1770.177336342807,100000
nine_normal_groups,36,consecutive_neighbour,logarytmic_temperature,10,0.3,1754.3188561350896,100000
nine_normal_groups,36,consecutive_neighbour,logarytmic_temperature,100,0.99,1033.9138594819929,100000
nine_normal_groups,36,consecutive_neighbour,logarytmic_temperature,100,0.9,1194.0010945169597,100000
nine_normal_groups,36,consecutive_neighbour,logarytmic_temperature,100,0.8,1181.6559880819746,100000
nine_normal_groups,36,consecutive_neighbour,logarytmic_temperature,100,0.5,1172.9467178821544,100000
nine_normal_groups,36,consecutive_neighbour,logarytmic_temperature,100,0.3,1330.5423075900749,100000
nine_normal_groups,36,consecutive_neighbour,logarytmic_temperature,1000,0.99,1335.6925480755554,100000
nine_normal_groups,36,consecutive_neighbour,logarytmic_temperature,1000,0.9,1172.7110804330575,100000
nine_normal_groups,36,consecutive_neighbour,logarytmic_temperature,1000,0.8,1157.042696759603,100000
nine_normal_groups,36,consecutive_neighbour,logarytmic_temperature,1000,0.5,1175.1783864398903,100000
nine_normal_groups,36,consecutive_neighbour,logarytmic_temperature,1000,0.3,1328.2984914829065,100000
nine_normal_groups,36,consecutive_neighbour,exponentional_temperature,10,0.99,1809.7901125671729,1292
nine_normal_groups,36,consecutive_neighbour,exponentional_temperature,10,0.9,1735.0113997723001,1151
nine_normal_groups,36,consecutive_neighbour,exponentional_temperature,10,0.8,1864.6977178081527,1160
nine_normal_groups,36,consecutive_neighbour,exponentional_temperature,10,0.5,1944.79664377618,1137
nine_normal_groups,36,consecutive_neighbour,exponentional_temperature,10,0.3,1970.275275009549,1097
nine_normal_groups,36,consecutive_neighbour,exponentional_temperature,100,0.99,1338.6231507050832,1642
nine_normal_groups,36,consecutive_neighbour,exponentional_temperature,100,0.9,1742.1670013232322,1120
nine_normal_groups,36,consecutive_neighbour,exponentional_temperature,100,0.8,1948.2765391900894,1063
nine_normal_groups,36,consecutive_neighbour,exponentional_temperature,100,0.5,1915.360422968846,1135
nine_normal_groups,36,consecutive_neighbour,exponentional_temperature,100,0.3,1866.9797224322695,1274
nine_normal_groups,36,consecutive_neighbour,exponentional_temperature,1000,0.99,1412.9416924269237,2084
nine_normal_groups,36,consecutive_neighbour,exponentional_temperature,1000,0.9,1692.6963937292614,1191
nine_normal_groups,36,consecutive_neighbour,exponentional_temperature,1000,0.8,1837.0294500160362,1152
nine_normal_groups,36,consecutive_neighbour,exponentional_temperature,1000,0.5,1769.6621233724468,1105
nine_normal_groups,36,consecutive_neighbour,exponentional_temperature,1000,0.3,1779.465830784529,1166
nine_normal_groups,36,arbitrary_neighbour,linear_temperature,10,0.99,521.3093495892629,6837
nine_normal_groups,36,arbitrary_neighbour,linear_temperature,10,0.9,751.6434008378257,3631
nine_normal_groups,36,arbitrary_neighbour,linear_temperature,10,0.8,612.924039267596,4813
nine_normal_groups,36,arbitrary_neighbour,linear_temperature,10,0.5,683.5098305995259,6242
nine_normal_groups,36,arbitrary_neighbour,linear_temperature,10,0.3,615.3595066723844,2945
nine_normal_groups,36,arbitrary_neighbour,linear_temperature,100,0.99,624.2107694570734,4562
nine_normal_groups,36,arbitrary_neighbour,linear_temperature,100,0.9,684.3588930536349,3152
nine_normal_groups,36,arbitrary_neighbour,linear_temperature,100,0.8,645.9885400443823,3627
nine_normal_groups,36,arbitrary_neighbour,linear_temperature,100,0.5,801.5603089142711,3179
nine_normal_groups,36,arbitrary_neighbour,linear_temperature,100,0.3,567.0817296178416,3693
nine_normal_groups,36,arbitrary_neighbour,linear_temperature,1000,0.99,567.7764811169151,6490
nine_normal_groups,36,arbitrary_neighbour,linear_temperature,1000,0.9,510.56369861067276,5513
nine_normal_groups,36,arbitrary_neighbour,linear_temperature,1000,0.8,719.2989346631635,5821
nine_normal_groups,36,arbitrary_neighbour,linear_temperature,1000,0.5,678.461698998197,7544
nine_normal_groups,36,arbitrary_neighbour,linear_temperature,1000,0.3,644.8058111596456,7745
nine_normal_groups,36,arbitrary_neighbour,logarytmic_temperature,10,0.99,493.67555940061453,100000
nine_normal_groups,36,arbitrary_neighbour,logarytmic_temperature,10,0.9,466.2730248233255,100000
nine_normal_groups,36,arbitrary_neighbour,logarytmic_temperature,10,0.8,544.8612456729021,100000
nine_normal_groups,36,arbitrary_neighbour,logarytmic_temperature,10,0.5,406.11810616472826,100000
nine_normal_groups,36,arbitrary_neighbour,logarytmic_temperature,10,0.3,581.0146385771576,100000
nine_normal_groups,36,arbitrary_neighbour,logarytmic_temperature,100,0.99,358.401047957468,100000
nine_normal_groups,36,arbitrary_neighbour,logarytmic_temperature,100,0.9,355.89660969853924,100000
nine_normal_groups,36,arbitrary_neighbour,logarytmic_temperature,100,0.8,356.63899820499154,100000
nine_normal_groups,36,arbitrary_neighbour,logarytmic_temperature,100,0.5,354.616244103662,100000
nine_normal_groups,36,arbitrary_neighbour,logarytmic_temperature,100,0.3,353.38963573274447,100000
nine_normal_groups,36,arbitrary_neighbour,logarytmic_temperature,1000,0.99,1210.3059445276374,100000
nine_normal_groups,36,arbitrary_neighbour,logarytmic_temperature,1000,0.9,1207.774414413704,100000
nine_normal_groups,36,arbitrary_neighbour,logarytmic_temperature,1000,0.8,1248.7568271833989,100000
nine_normal_groups,36,arbitrary_neighbour,logarytmic_temperature,1000,0.5,1131.3161950378217,100000
nine_normal_groups,36,arbitrary_neighbour,logarytmic_temperature,1000,0.3,1177.872409297125,100000
nine_normal_groups,36,arbitrary_neighbour,exponentional_temperature,10,0.99,644.283558231829,3158
nine_normal_groups,36,arbitrary_neighbour,exponentional_temperature,10,0.9,521.8492867352951,5057
nine_normal_groups,36,arbitrary_neighbour,exponentional_temperature,10,0.8,594.2100490342469,6962
nine_normal_groups,36,arbitrary_neighbour,exponentional_temperature,10,0.5,671.6026480743096,3097
nine_normal_groups,36,arbitrary_neighbour,exponentional_temperature,10,0.3,573.3818383422741,5081
nine_normal_groups,36,arbitrary_neighbour,exponentional_temperature,100,0.99,675.5670519586906,3324
nine_normal_groups,36,arbitrary_neighbour,exponentional_temperature,100,0.9,654.5567686208943,3853
nine_normal_groups,36,arbitrary_neighbour,exponentional_temperature,100,0.8,522.1291211833011,5083
nine_normal_groups,36,arbitrary_neighbour,exponentional_temperature,100,0.5,768.380386980864,5321
nine_normal_groups,36,arbitrary_neighbour,exponentional_temperature,100,0.3,658.3023963486143,4018
nine_normal_groups,36,arbitrary_neighbour,exponentional_temperature,1000,0.99,524.086683922765,5836
nine_normal_groups,36,arbitrary_neighbour,exponentional_temperature,1000,0.9,712.1645812420994,4349
nine_normal_groups,36,arbitrary_neighbour,exponentional_temperature,1000,0.8,832.8790668000752,4232
nine_normal_groups,36,arbitrary_neighbour,exponentional_temperature,1000,0.5,696.0096979218672,3406
nine_normal_groups,36,arbitrary_neighbour,exponentional_temperature,1000,0.3,652.3427052029956,5211
